寬鬆顯瘦大碼運動套裝T恤女夏季胖mm短袖短褲時尚休閒服兩件套,Female Fashion,刺繡,caco,棉麻洋裝,長袖泳衣,漢服
♬【現貨實拍】夏季新款 2017韓版熱銷淑女夏裝間約氣質條紋背心吊帶連體褲顯瘦闊腿褲,Female Fashion,刺繡,caco,蕾絲,棉麻洋裝,長袖泳衣
新款時尚大碼女士服裝韓版印花短袖 t恤女夏寬鬆顯瘦,Female Fashion,刺繡,caco,蕾絲,長袖泳衣,nike運動內衣
a la sha 粉紅色阿財長版上衣,Female Fashion,刺繡,nike運動內衣,美背上衣,港味,少女心
女人的店~上班短裙.包臀裙.西裝裙(垂性很好.不易皺.不起球.不沾毛) 350元,Female Fashion,刺繡,caco,lativ,漢服,melville
夏季韓版學生內衣無肩帶文胸隱形聚攏防滑無痕胸貼無鋼圈胸罩女士,Female Fashion,漢服,ck內衣,港味,內搭短褲,牛仔褲女生
夏季韓版學生內衣無肩帶文胸隱形聚攏防滑無痕胸貼無鋼圈胸罩女士,Female Fashion,漢服,ck內衣,港味,內搭短褲,牛仔褲女生
✨（現貨+預購）超百搭兩件式牛仔套裝荷葉上衣+寬褲,Female Fashion,刺繡,蕾絲,棉麻洋裝,nike運動內衣,長袖泳衣
KB短裙,Female Fashion,刺繡,caco,洋芋妹,夜店,百褶裙
CHICNOON 歐美單春夏新款歐洲站飛鳥條紋印花中長裙女 zara/H&M/pull bear,Female Fashion,刺繡,caco,蕾絲,漢服,melville
AJ喬丹飛人 &supreme 聯合版連帽抓絨純棉套頭衛衣 時尚潮牌黑紅色外套 男裝,Female Fashion,刺繡,飛鼠褲,刺繡襯衫,教練外套,gap外套
AJ喬丹飛人 &supreme 聯合版連帽抓絨純棉套頭衛衣 時尚潮牌黑紅色外套 男裝,Female Fashion,刺繡,飛鼠褲,刺繡襯衫,教練外套,gap外套
現貨韓版顯瘦泳衣健身瑜珈背心式泳衣四角褲 顯瘦遊泳課溫泉泳裝大尺碼保守學生比基尼bikini兩截式voda,Female Fashion,刺繡,caco,大尺碼背心,蕾絲,nike運動內衣
Pazzo粗細條紋針織背心 原價390$,Female Fashion,caco,棉麻洋裝,大尺碼背心,港味,歐美連身
2套2100 nike情侶套裝 愛迪達運動套裝 男女運動裝 男套裝 女套裝 情侶裝 健身服 運動服 短袖套裝 短袖運動褲,Female Fashion,刺繡,lativ,長袖泳衣,nike運動內衣,ck內衣
❤現貨秒發❤2017春夏新款日系lolita洋裝圓領長袖領結白色修身蕾絲雪紡襯衫女,Female Fashion,刺繡,棉麻洋裝,長袖泳衣,蕾絲,大尺碼背心
日風 夏天神器 舒適輕柔亞麻九分吊帶褲 Naomi --- SHU3357R 黑-- 雙口袋連身褲 闊腿褲寬褲,Female Fashion,melville,棉麻洋裝,蕾絲,緞面背心,綁帶裙
「預購」KENZO刺繡套裝,Female Fashion,刺繡,ck內衣,漢服,運動裝,三件式套裝
Breeze 波希米亞度假海邊夏天沙灘 細肩帶連身褲 吊帶連身褲 闊腿褲 寬褲 寬鬆休閒 性感 顯高顯瘦 AAF41,Female Fashion,caco,ck內衣,棉麻洋裝,蕾絲,大尺碼背心
Mika🌸雪紡粉色暈染套裝🌸上衣+短褲💕,Female Fashion,刺繡,nike運動內衣,lativ,ck內衣,美背上衣
Mika🌸雪紡粉色暈染套裝🌸上衣+短褲💕,Female Fashion,刺繡,nike運動內衣,lativ,ck內衣,美背上衣
♡RC♡歐美 韓版 性感 針織 細肩帶 荷葉邊 露肩 露背 顯瘦 羅紋 棉質 合身 修身 彈性 吊帶背心 新品特價,Female Fashion,刺繡,caco,蕾絲,ck內衣,大尺碼背心
厲害版型👍Korea淺刷色直筒褲,Female Fashion,蕾絲,福袋,adidas褲,內褲女生,品牌內衣褲
情趣內衣/情趣睡衣情趣內衣女騷極度誘惑女傭裝角色扮演女仆開檔SM制服透視睡衣套裝,Female Fashion,ck內衣,運動裝,細肩一字領,三件式套裝,格子
#情侶時代 夏季原宿風淺色破洞條紋九分牛仔褲男女毛邊乞丐哈倫褲,Female Fashion,刺繡,蕾絲,福袋,吊帶連身褲,加大內褲
📣滿499免運📣 全網最低 僅需29元 莫代爾吊帶背心女上衣歐美百搭短款修身顯瘦打底外穿黑色吊帶背心女生衣著,Female Fashion,刺繡,caco,nike運動內衣,ck內衣,蕾絲
Roots運動短褲(🇨🇦代購8/27回國),Female Fashion,nike運動內衣,ck內衣,lativ,歐美短褲,棋盤格
現貨32C🍒新款維多利亞的秘密PINK熱帶印花前釦蕾絲push-up集中內衣蕾絲內褲成套內衣褲🍒櫻桃娜娜美國代購🍒,Female Fashion,刺繡,棉麻洋裝,蕾絲,ck內衣,韓系洋裝
全館滿99免運 時尚潮流英文短袖T恤【M~XXL共三色】簡約上衣新品新款潮流 熱銷批發價 蝦幣可折抵 KuangXiao,Female Fashion,刺繡,nike運動內衣,大尺碼背心,蕾絲,maru
林鴒vielglückxfeila蕾拉午茶粉色雙層疊紗蕾絲吊帶褲林鴒設計,Female Fashion,蕾絲,內褲女生,冰絲無痕內褲,衛生衣,大碼吊帶褲
Queen shop 勾花蕾絲背心短褲套裝,Female Fashion,刺繡,caco,大尺碼背心,棉麻洋裝,lativ
LZ 暗黑小立領貝殼釦短版露肚氣質修身無袖上衣背心,Female Fashion,刺繡,caco,nike運動內衣,大尺碼背心,lativ
麻豆小貓同款花兒刺繡 層層綿紗洋裝/甜美氣質款/孕婦可穿,Female Fashion,刺繡,漢服,ck內衣,大尺碼背心,開衩洋裝
SISI【P5036】波西米亞風垂感百褶裙莫代爾棉質傘狀大襬拖地長裙半身裙,Female Fashion,刺繡,caco,長袖泳衣,漢服,melville
fish&fish☆韓版☆全新 側開叉虛虛牛仔不規則破洞裙 牛仔長裙 裙子 丹寧 牛仔裙 特價300元,Female Fashion,刺繡,caco,棉麻洋裝,ck內衣,lativ
韓國正品/日系清新~細版吊帶超寬鬆舒適感棉麻透氣連身寬褲/吊帶褲裙 /顯瘦款推薦 /2色#12576320,Female Fashion,刺繡,caco,melville,長袖泳衣,蕾絲
Victoria's Secret 超性感馬甲內衣～可變換肩帶,Female Fashion,蕾絲,melville,ck內衣,大尺碼性感睡衣,內褲女生
轉售全新EYESCREAM氣質條紋百褶洋裝,Female Fashion,棉麻洋裝,ck內衣,大尺碼背心,prada,大饅大力
不規則穿搭**現貨**小編大推推推 ^^^怎麼穿搭都好看/大小SIZE**孕媽咪也瘋狂實體拍攝當天下單隔天出貨,Female Fashion,刺繡,caco,棉麻洋裝,蕾絲,大尺碼背心
BTS防彈少年團同款衣服周邊學生應援短袖 兩件套T恤+短裙 (黑色),Female Fashion,刺繡,caco,nike運動內衣,棉麻洋裝,ck內衣
現貨❤歐美緹花蕾絲連身褲,Female Fashion,刺繡,棉麻洋裝,蕾絲,melville,牛奶絲睡衣
星光密碼【B062】大尺碼甜蜜幻想透黑蓓蕾柔緞情趣性感睡衣,Female Fashion,melville,ck內衣,蕾絲,大尺碼背心,美背上衣
限時免運★梨卡 - 韓式藍羽毛情侶款[男+女一起帶]長袖四件式泳衣比基尼泳裝衝浪浮淺潛水衣潛水服CR139,Female Fashion,刺繡,棉麻洋裝,ck內衣,蕾絲,長袖泳衣
罌//暗黑系 日本傳統和服 仙鶴刺繡雪紡長版 浴袍式 罩衫-黑-現貨,Female Fashion,刺繡,棉麻洋裝,蕾絲,長袖泳衣,漢服
東京著衣【KODZ】清新氣質背部交叉無袖洋裝-S.M.L(170566),Female Fashion,刺繡,大尺碼背心,lativ,蕾絲,棉麻洋裝
星光密碼【B068】大尺碼粉橘氣質蕾絲柔緞情趣性感睡衣,Female Fashion,ck內衣,蕾絲,melville,大尺碼背心,三件式泳裝
近全新 購於糖罐子 布蕾絲黑色短褲S號,Female Fashion,lativ,ck內衣,加大短褲,歐美短褲,棋盤格
網路獨家 A la sha 抹茶的好朋友 短袖T恤 印花上衣,Female Fashion,刺繡,nike運動內衣,ck內衣,韓系洋裝,暗黑原宿
現貨夏季新款韓版氣質淑女修身蕾絲連衣裙短袖顯瘦赫本A字小黑裙韓系女裝,Female Fashion,刺繡,長袖泳衣,nike運動內衣,蕾絲,棉麻洋裝
【Only】 运动套装顯瘦📣滿499免運📣韓妞必備❤️韓风百搭寬鬆纯色短袖T恤+小腳運動褲套裝,Female Fashion,刺繡,caco,nike運動內衣,大尺碼背心,棉麻洋裝
衝評特賣！當天現貨寄出！ 團體服 圓領短袖T恤 短褲 短袖套裝 吸汗打底衫 休閒印花T恤 情侶潮T 大尺碼 T恤 沙灘褲,Male Fashion,內褲男生,adidas長褲,嘻哈褲,薛之謙,禮物
Superdry 灰色T恤,Male Fashion,素面,claw,yellow,王俊凱,boxers
Quiksilver男版綠色短踢,Male Fashion,logo,字母t,寬版,男短t,條紋衣
余文樂MADNESS 2017CAMOUFLAGE POCKET TEE 黑色虎紋迷彩,Male Fashion,joyrich,logo,火焰t,lagerfeld,17ss
夏季情侶款三色拼接OVERSIZE寬鬆落肩短袖T恤,Male Fashion,素面,海鷗,boxers,vandal,bread
加大尺碼運動長褲(縮口褲),Male Fashion,內褲男生,noah,吊帶短褲,adidas長褲,勇士隊
🌀T.E.S🌀A&F字母基本款短褲,Male Fashion,staff,素面,claw,蘿莉,王俊凱
正品🇺🇸Brixton 加州品牌 衝浪滑板T shirt字母款 新品短袖T恤 2017新品 老鷹多款滾邊 潮流,Male Fashion,夏威夷襯衫,野狼,寬鬆襯衫,緊身衣,緊身
Champion 系列POLO衫,Male Fashion,黑色襯衫,ck背心,polo外套,kurbis,polo短褲
PHILIPP PLEIN PP棒球外套 男生 16S/S 黑白骷髏字母拼接全皮機車服,Male Fashion,男拖鞋,禮物,竹節棉,cin2,男短t
【現貨】夏季Burberry 巴寶莉 純棉 logo 素T 短T 戰馬 經典 印花 加大尺碼 短袖T恤,Male Fashion,黑色襯衫,野狼,緊身衣,夏威夷襯衫,寬鬆襯衫
修身男纯色個性金领長袖襯衫,Male Fashion,男拖鞋,竹節棉,野狼,漢字t恤,海灘背心
Uniqlo SCHWINN BMX 聯名 撞色 短T T-shirt M,Male Fashion,roush,kurbis,蘿莉,素面,王俊凱
棉麻褲亞麻寬管吊檔褲潮男七分褲寬鬆直筒青年喇叭,Male Fashion,內褲男生,adidas長褲,upset,長褲男生,嘻哈褲
☆東京古著☆日本製 YONEX VERY COOL 短袖POLO衫 排汗衫,Male Fashion,claw,夏威夷襯衫,蘿莉,冠軍champion,logo
海外代購【潮人衣間】BOY歐美街頭潮牌戰神翅膀圖案帶帽拉鏈長袖防曬衣情侶款男女生 休閒情侶裝 嘻哈寬鬆個性潮上衣,Male Fashion,gucci皮帶,王俊凱,公雞,人中之龍,漢字t恤
Levis上衣,Male Fashion,緊身,韓版上衣,寬版,squad,gildan
17 新品 Armani EA7休閒短褲,Male Fashion,myprotein,復古短褲,吊帶短褲,批發價,棋盤格
pretty nice t-shirt 滑板踢,Male Fashion,素面,蘿莉,王俊凱,火焰t,海鷗
限量優惠🌴 PRESENT21★ Nike Sportswear 🌠運動休閒拉鍊連帽外套 夾克外套,Male Fashion,adidas長褲,批發價,球衣背心,緊身衣,三條線
《1680限時爆殺!!》原廠製造套裝喜宴西裝褲業務襯衫上班領帶防曬外套西裝外套正式父親節禮物大衣風衣-261040N,Male Fashion,夏威夷襯衫,寬鬆襯衫,男襯衫,日本職棒,立領襯衫
壹分之貮 寬鬆大碼男士短袖t恤夏翻領條紋大碼寬鬆半袖體恤衫,Male Fashion,素面,boxers,海鷗,vandal,bread
【MATTT】實品實拍 機能 重工 非 吉豐 軍裝 夏季 薄款 彈簧扣帶 飄帶 九分 工裝 修身 收腿褲,Male Fashion,男拖鞋,復古短褲,韓版上衣,球衣背心,海灘背心
CALVIN KLEIN CK 男生彈性內褲 四角褲 三入 S-XL //Costco賣場代購,Male Fashion,adidas長褲,勇士隊,長褲男生,嘻哈褲,吊帶短褲
現貨死侍衛褲電影周邊復仇者聯盟長褲加絨男生秋冬季青少年運動休閑褲正韓,Male Fashion,男拖鞋,男短t,cin2,竹節棉,禮物
《限時特價!買到賺到》 縮口褲/束口褲多口袋休閒褲棉褲工作褲七分褲運動褲排汗牛仔褲長褲男窄管褲迷彩哈倫褲261055+A,Male Fashion,復古短褲,logo,緊身,竹節棉,格子寬褲
agnes b.蜥蜴SPORT B.白色 純棉 短袖 T恤 簡約 休閑 法國 男裝,Male Fashion,海鷗,公雞,素面,vandal,staff
【波克貓哈日網】春夏短袖棉T恤◇ 犬夜叉 Inu Yasha ◇《深藍色》日本正式授權商品,Male Fashion,條紋衣,公雞,boxers,海鷗,bread
#LEBRON #JAMES #勇士 #2015 #明星賽 #熱轉印 #騎士 #NBA球衣,Male Fashion,日本職棒,wade,球衣背心,字母t,愛迪達棉褲
Knight Spirit GILDAN直噴棉T 機車系列 偉士牌 VESPA,Male Fashion,claw,蘿莉,王俊凱,火焰t,boxers
☼大文體育☼3種顏色 正品 吊牌 Under Armour UA 短褲 籃球褲 超輕速乾 透氣 籃球褲 運動短褲 抗UV,Male Fashion,棋盤格,緊身衣,中腰內褲,filson,火焰t
☼大文體育☼ 正品 有吊牌 NIKE PRO COMBAT 短袖 緊身衣 T恤 短袖壓縮衣 跑步 健身 運動,Male Fashion,海鷗,條紋衣,素面,boxers,vandal
超夯㊗️文字T 潮T 純棉短T 短袖 台灣製 傻眼 嚇死寶寶了（多款）,Male Fashion,黑色襯衫,夏威夷襯衫,野狼,緊身衣,緊身
Timberland 男款迷彩Logo T,Male Fashion,claw,蘿莉,yellow,素面,王俊凱
Versace Jeans 凡賽斯 滿版 燙銀黑色圖騰短袖圓領上衣短t恤,Male Fashion,公雞,boxers,海鷗,bread,素面
❤Sport b. 新款agnes b.黑橙LOGO 純棉短袖T恤 男裝❤,Male Fashion,素面,boxers,海鷗,vandal,bread
男生海灘褲 薄款七分褲 夏季新品 五分褲 短褲 寬鬆修身直筒大尺碼短褲男 舒適純棉膝上短褲男 ing5071供應,Male Fashion,韓版上衣,球衣背心,faith,日式和服,緊身
男內褲(COP)藍--丁字褲,Male Fashion,內褲男生,排汗內褲,adidas長褲,勇士隊,運動adidas
顛復古⚡️復古翡翠宮廷雕花古著短袖襯衫♥️男女皆可,Male Fashion,claw,蘿莉,yellow,火焰t,野狼
黑白純色緊身衣 男 運動訓練健身服薄款籃球彈力速干衣短袖T恤夏,Male Fashion,素面,海鷗,條紋衣,boxers,vandal
VANS 雙滑板LOGO T恤 短T 棉T,Male Fashion,roush,吊嘎,adidas長褲,dickies背心,gucci皮帶
Thrasher Magazine Flame Logo Tee 灰藍紫火焰 短袖T恤 火焰T衝評特賣 2件免運,Male Fashion,夏威夷襯衫,野狼,寬鬆襯衫,緊身衣,緊身
【現貨實拍】 潮牌BAPE x CMSS2017新品男裝余文樂虎紋迷彩 軍事風原色 牛仔褲長褲 九分褲 直筒 休閑,Male Fashion,男襯衫,復古短褲,球衣背心,海灘背心,內褲男生
爆錢+現貨潮牌Vlone椰樹熒光字體純棉T卹休閒圓領短袖T卹男女款情侶Tee yifeng731,Male Fashion,夏威夷襯衫,黑色襯衫,野狼,緊身衣,寬鬆襯衫
#現貨*T恤男短袖2017夏新品港風文藝寬松半袖上衣大碼棉麻學生打底衫潮,Male Fashion,素面,條紋衣,vandal,staff,長版帽t
#現貨*2017夏季男裝中國風印花t恤潮男個性半截袖男士韓版修身圓領短,Male Fashion,staff,素面,claw,yellow,lagerfeld
（M-XXL）現貨 FENDI 男士小怪獸黃眼睛拼皮短袖T恤 FY0722 短袖,Male Fashion,staff,條紋衣,素面,vandal,federer
DHL翻完短袖,Male Fashion,黑色襯衫,地藏小王,claw,夏威夷襯衫,寬鬆襯衫
BURBERRY刺繡戰馬綿质長T(黑標絕版品)(2號),Male Fashion,claw,蘿莉,海鷗,yellow,素面
冠希x藤原⚡️Vlone friends$短袖T恤純棉上衣百搭男女,Male Fashion,素面,boxers,海鷗,vandal,bread
各型號都可訂製EXID LE 哈妮 note 5 4 3 s5 s6 z2 z1 z5 i6 6s i5 i4 m7 m8 m9 note5 z4 Z5 Z3 小米 紅米 訂製手機殼,Mobile & Gadgets,背膜,selfie,搞怪,螢幕貼,小熊軟糖吊飾
美少女戰士變身器iphone7/6plus手機殼OPPOR11/r9/R9S閃粉保護套,Mobile & Gadgets,嚕嚕咪,質感,live手機殼,舒壓手機殼,nba
{3C大王賣場}鏡子支環支架！可磁吸適用任何平板·手機懶人支架！追劇必備品！！！,Mobile & Gadgets,日本上網,live手機殼,華為手機,背夾行動電源,自拍燈
㊣ 英國 SKINNYDIP iPhone 6 / 6 plus / 7 /7 plus手機殼,Mobile & Gadgets,ysl手機殼,嚕嚕咪,live手機殼,三星a8手機殼,黑執事
全新 Moomin 嚕嚕米 小不點 螢幕擦拭貼,Mobile & Gadgets,背膜,梨花熊,ipad4,防偷窺保護貼iphone,達菲包
張藝興 oppoR11/R11plus/全屏碳纖維軟邊鋼化膜防爆高清彩膜女,Mobile & Gadgets,白邊去除液,三星a7,ipad4,jimin,法鬥
iPhone 7 PLUS 128G 霧黑#二手機#保固中# 大里店 62858,Mobile & Gadgets,iphone線套,背膜,法鬥,質感,抵蝦幣
中古Iphone6 plus 64G,Mobile & Gadgets,行動電源手機殼,航海王,innergie,防偷窺保護貼iphone,滿版保護貼
三星 Tab S3 LTE版 高通820 4/32G,Mobile & Gadgets,ysl手機殼,三星a8手機殼,小米充電器,小米充電線,手機座
微微一笑很傾城 楊洋 鄭爽 手機殼 適用多款型號 全包軟殼 半包磨砂硬殼 肖奈 貝微微 電視劇 有點甜,Mobile & Gadgets,嚕嚕咪,英雄聯盟,快閃,nba,嚕嚕米手機殼
OPPOA57鋼化膜全屏覆蓋 a57手機玻璃膜原裝高清抗藍光防摔前后彩,Mobile & Gadgets,日本上網,自拍桿,鋁合金手機架,遊戲手把,live手機殼
日本錦鯉魚和風浮世繪iphone6保護套蘋果4S/5S/iphone7plus手機殼,Mobile & Gadgets,live手機殼,嚕嚕咪,質感,vdl,三星a8手機殼
【現貨】hoco 三星 Samsung Galaxy S8 碳纖維 纖影系列 全包邊 防指紋 超薄 軟殼 保護殼 手機殼,Mobile & Gadgets,黑執事,richmond,finch,史努比手機殼,djqueena
【現貨】I5S 領夾式 藍芽耳機 無線耳機 藍牙耳機 v4.1 藍牙立體聲耳機 藍芽 運動耳機 可連接二隻手機,Mobile & Gadgets,客製化行動電源,鋁合金手機架,日本上網,iphone線套,live手機殼
OPPO A39 A57 F1S 手機殼 軟殼 防指紋 磨砂軟殼 保護殼 保護軟殼 X-Level 衛士系列,Mobile & Gadgets,三星a8手機殼,黑執事,richmond,superme手機殼,finch
Lg g4電池 2個 還有保護殼,Mobile & Gadgets,selfie,live手機殼,嚕嚕米手機殼,opposite,6plus手機殼
中港澳8天上網卡2GB(免翻牆可用FB及Line),Mobile & Gadgets,i6手機膜,攝影機,手機鏡頭,dell,vga轉hdmi
OPPO R11 龍貓 無臉男 氣墊 空壓 防摔 手機殼 保護套,Mobile & Gadgets,ysl手機殼,法鬥,嚕嚕咪,live手機殼,英雄聯盟
二手良機 iphone6 16G 金色 空機,Mobile & Gadgets,ysl手機殼,法鬥,背膜,i6電池,catalyst
SONY XPERIA XZ,Mobile & Gadgets,手機充電線,uch12,小米充電線,小小兵,英雄聯盟
四角氣囊空壓殼 OPPO A39(A57)/A59(F1S)手機套 手機殼 保護殼防撞,Mobile & Gadgets,ysl手機殼,法鬥,英雄聯盟,快閃,黑執事
三星s7 edge 32g 銀色,Mobile & Gadgets,拉鍊耳機,小米充電器,小米充電線,英雄聯盟,三星a7
液體流沙美少女戰士oppo r9s plus女款手機殼r9 plus卡通外殼軟邊,Mobile & Gadgets,嚕嚕咪,質感,live手機殼,三星a8手機殼,舒壓手機殼
Iphone6s 128g 近全新完美無傷,Mobile & Gadgets,玫瑰金,magipea,anygo,3310,i6手機膜
🌿晨晨媽揪團購🌿(蠟筆小新 熊大兔兔 米奇 米妮 史迪奇)玻璃貼 iPhone7 I6s I6splus 鋼化膜,Mobile & Gadgets,selfie,ysl手機殼,充電線保護套組,法鬥,i6保護貼
iPhone7 128G 九成新 美版 蘋果手機 iPhone 7手機,Mobile & Gadgets,iphone線套,質感,抵蝦幣,i6電池,玫瑰金
日韓清新櫻桃 oppor11水果手機殼oppor9s plus磨砂手感硬殼半包,Mobile & Gadgets,嚕嚕咪,質感,live手機殼,英雄聯盟,快閃
最殺!熱賣破萬!超夯最新手機 吸盤搖桿 藍牙安卓IOS手機遊戲手柄 支架 手機 散熱器 傳說對決,Mobile & Gadgets,小米自拍,oppof1,任天堂,switch,看劇神器
OPPO R11,Mobile & Gadgets,iphone充電線,r9splus,充電線保護套組,jimin,壓克力
熱賣iphone7蘋果6s手機殼6plus矽膠全包軟殼5se防摔浮雕灌籃高手殼子,Mobile & Gadgets,we,嚕嚕咪,三星a8手機殼,nba,嚕嚕米手機殼
面交價19800 全新美圖m8 美少女戰士 限量版手機,Mobile & Gadgets,鋁合金手機架,日本上網,自拍桿,live手機殼,遊戲手把
Oppo a57,Mobile & Gadgets,航海王,iphone充電線,r9splus,oppo螢幕保護貼,充電線保護套組
小香风 香水瓶手机手機殼 iPhone 6 6P 7 7P OPPO R9S VIVO X7 X9 全包軟殼 送掛繩,Mobile & Gadgets,三星a8手機殼,黑執事,superme手機殼,3310,djqueena
oppor9s王者榮耀手機殼卡通vivox9硅膠保護套6s蘋果7plus軟殼訂制,Mobile & Gadgets,i6手機膜,行動電源手機殼,拉鍊耳機,superme手機殼,phone6s
現貨iPhone7鋼化膜6蘋果plus全屏全覆蓋抗藍光3D曲面玻璃手機貼膜6s系列手機殼,Mobile & Gadgets,嚕嚕米手機殼,richmond,3310,djqueena,快閃
可愛鸚鵡兄弟手機殼 i6/i6s/i6p/i6sp/i7/i7p 全包軟殼,Mobile & Gadgets,嚕嚕咪,英雄聯盟,快閃,黑執事,nba
Skinnydip London iPhone5 獨角獸流沙手機殼,Mobile & Gadgets,法鬥,live手機殼,嚕嚕咪,質感,英雄聯盟
Apple iPhone 6 32g 空機 保固中 4月機,Mobile & Gadgets,背膜,iphone線套,法鬥,抵蝦幣,防偷窺保護貼iphone
P1004【曉天3C】OPPO R11清爽彩繪全屏滿版鋼化玻璃貼(送同款彩繪背膜貼膜)另有同款手機殼/手機套,Mobile & Gadgets,ysl手機殼,法鬥,嚕嚕咪,質感,live手機殼
現貨牛奶糖可愛粉色卡通iPhone6手機殼全包軟殼蘋果7 Plus保護套情侶系列手機殼,Mobile & Gadgets,自拍桿,i6手機膜,蠟燭,補光廣角,ipad4
現貨星星掛墜軟殼 蘋果6手機殼iPhone7/6s/plus創意個性奢華韓國女款系列手機殼,Mobile & Gadgets,客製化行動電源,iphone線套,自拍桿,iphone線,補光廣角
OPPO A77 近全新,Mobile & Gadgets,航海王,nba,手機充電線,iphone充電線,r9splus
紅米 note4x note4 小米6 max2 note2 5S PLUS 韓國 RYAN 手機殼 按鍵全包 透明側邊,Mobile & Gadgets,法鬥,嚕嚕咪,vdl,live手機殼,三星a8手機殼
(專屬You.. 買家下標）Magipea美極品自拍棒（全新轉賣 朋友送）粉晶款,Mobile & Gadgets,i6電池,anygo,玫瑰金,3310,小米20000
仙人掌 小清新 OPPO R11 R9S IPHONE6 7 手機殼 笑臉 r9 plus 磨砂 保護套 創意 女款,Mobile & Gadgets,嚕嚕咪,質感,vdl,live手機殼,三星a8手機殼
仙人掌 小清新 OPPO R11 R9S IPHONE6 7 手機殼 笑臉 r9 plus 磨砂 保護套 創意 女款,Mobile & Gadgets,嚕嚕咪,質感,vdl,live手機殼,三星a8手機殼
手機9.8成新 Samsung 紫色 S8 64G 二年保固可換s8+,Mobile & Gadgets,鋁合金手機架,自拍桿,日本上網,live手機殼,遊戲手把
Nokia N1 7.9吋平板 看漫畫神器 2k高畫質 2048*1536,Mobile & Gadgets,行動電源手機殼,bitplay,uch12,舒壓手機殼,滿版保護貼
現貨蘋果7plus鋼化膜i7全屏覆蓋 Iphone7手機高清膜7代3D曲面玻璃7P膜系列手機殼,Mobile & Gadgets,嚕嚕米手機殼,richmond,3310,djqueena,小小兵
閃粉 笑臉 雲朵 OPPO R11plus IPHONE6 7 手機殼 R9 R9S 創意 透明 軟殻 防摔 女款,Mobile & Gadgets,嚕嚕咪,live手機殼,三星a8手機殼,黑執事,嚕嚕米手機殼
紅米NOTE4手機殼 紅米NOTE4X全包保護殼360度全包手機殼 全包覆滿版手機殼防摔全機包,Mobile & Gadgets,英雄聯盟,快閃,黑執事,舒壓手機殼,nba
ipad pro10.5保護套蘋果平板電腦A1701皮套ipad9.7全包防摔殼,Mobile & Gadgets,ysl手機殼,行動電源手機殼,i6手機膜,背膜,法鬥
現貨韓國鉚釘流蘇潮牌女神 iphone7手機殼蘋果7/plus硅膠套防摔全包七系列手機殼,Mobile & Gadgets,客製化行動電源,iphone線套,自拍桿,i6手機膜,導航
335號倉庫 大號Ｌ架 多檔可調支架 折疊手機架 折疊懶人支架 迷你手機座 迷你支架 L型手機架 通用手機架,Mobile & Gadgets,iphone線套,防水套,攝影機,手機充電線,偷拍
SCOSCHE MAGIC MOUNT DASH-GPS 吸盤式磁鐵手機架 平板架 車架 360度車座,Mobile & Gadgets,手機鏡頭,小米充電線,手機轉接電視,藍芽腳架,彈弓
現貨iphone7手機殼蹦迪吧全包硅膠軟殼潮蘋果7plus手機套殼系列手機殼,Mobile & Gadgets,客製化行動電源,iphone線套,自拍桿,i6手機膜,iphone線
SAMSUNG Galaxy S8 紫色 64G/4G (SM-G950FD)配件全新 含玻璃曲面保貼+手機套,Mobile & Gadgets,防偷窺保護貼iphone,滿版保護貼,佩佩豬,jimin,oppo螢幕保護貼
Sony Xperia XZ 澗水藍 64g 全新空機 雙卡雙待,Mobile & Gadgets,i6電池,玫瑰金,magipea,anygo,3310
APPLE IPHONE 7 PLUS 4.7吋 5.5吋 全新未拆封 公司貨32g 128g 256g 另有其他五色,Mobile & Gadgets,iphone線套,背膜,法鬥,質感,指扣環
宏達電HTC Butterfly S 16g 寶石紅 全新空機,Mobile & Gadgets,小米充電線,英雄聯盟,嚕嚕咪,手機充電線,htc530手機殼
iphone5 32G 九成新 全配/i5 32g/iphone 5整新機/手機/二手手機/空機,Mobile & Gadgets,iphone線套,法鬥,行動電源手機殼,舒壓手機殼,質感
《Annabon》旋轉木馬搖搖馬小馬鏡頭水鑽 三星samsung note7 note5 note4 note3 note2貼鑽手機殼 保護殼套 透明bingbing,Mobile & Gadgets,live手機殼,嚕嚕咪,728,嚕嚕米手機殼,opposite
Jabra藍芽耳機,Mobile & Gadgets,拉鍊耳機,iphone7耳機轉接線,sennheiser,熊大耳機,i7轉接
誠可議! HTC ONE E9 dual sim,Mobile & Gadgets,指扣環,手機座,手機充電線,小米充電線,英雄聯盟
iPhone 6s 16g 銀色 9成新 九成新 4.7吋 功能正常,Mobile & Gadgets,iphone線套,法鬥,質感,抵蝦幣,玫瑰金
紅米note4x 小米Max2 手機保護套 殼 掀蓋式 翻蓋式。玫瑰金各1個,Mobile & Gadgets,鋁合金手機架,日本上網,自拍桿,live手機殼,遊戲手把
HTC A9 32G 2017保固中,Mobile & Gadgets,小米充電線,英雄聯盟,嚕嚕咪,htc530手機殼,嚕嚕米手機殼
hTC U11 (64G) 5.5吋 9.8成新 新竹實體店面面交,Mobile & Gadgets,快閃,英雄聯盟,小米充電線,指扣環,嚕嚕米手機殼
HTC Desire 626 Dual 藍色 2G/16G 雙卡 支援4G LTE 5吋 1300萬相機(2),Mobile & Gadgets,hdmi線,電線保護套,摩艾手機殼,東京喰種,i6手機膜
台灣總代理原廠現貨 聲美耳機 SoundMagic ES18 IPHONE HTC BEATS 百元 運動 耳機,Mobile & Gadgets,ysl手機殼,客製化行動電源,背膜,法鬥,自拍桿
oppor9s手機殼防摔保護套R9Splus金屬oppor11女款創意潮男,Mobile & Gadgets,鋁合金手機架,日本上網,自拍桿,遊戲手把,掛脖包
三星Samsung Note4 32GB,Mobile & Gadgets,三星a8手機殼,nba,小米充電器,小米充電線,英雄聯盟
現貨♦APPLE手機ipone4 4s 3gs ipad2 ipod 耳機孔防塵塞數據孔防塵塞 3.5mm耳機孔防塵塞,Mobile & Gadgets,ysl手機殼,鋁合金手機架,日本上網,iphone線套,行動電源手機殼
橙本*鋼化玻璃貼 A5 A7 A8 A9 J5 J7 E5 E7 玻璃貼 保護貼 J3 2016 2017 A5 A7,Mobile & Gadgets,史努比手機殼,三星空機,i6保護貼,jimin,背膜
雙面超萌卡通i線套 蘋果專用數據線保護套 i5/i6/i6s 防斷裂 充電線保護套,Mobile & Gadgets,背膜,法鬥,i7耳機轉接頭,iphone7耳機,superme手機殼
現貨🔺免運免運►I7/I6高質感行動電源手機殼 iphone 背蓋背夾背充無線充電i7+/I5/SE/I6+,Mobile & Gadgets,客製化行動電源,自拍桿,抵蝦幣,防偷窺保護貼iphone,nba
~小小牛瑪奇朵~日本東京迪士尼春季巡航達菲Duffy經典復古相機Iphone5 5S 手機殼附耳機防塵塞,Mobile & Gadgets,ysl手機殼,法鬥,live手機殼,嚕嚕咪,質感
【東京數位】 全新 C套餐 手機專用 自拍桿 自拍架 手機架 /自拍桿+手機夾,Mobile & Gadgets,鋁合金手機架,日本上網,live手機殼,遊戲手把,彈弓
*SILIA*質感 各色大理石紋 手機殼 三星S3 S4 S5 S6 S7 EDGE NOTE2 NOTE3 NOTE4 NOTE5 NOTE6 A8 A7 A5 A3 E7 J3 J5 J7 2016版 LG G3 G4 G5 OPPO R5 R7 R9 PLUS F1 N3 華為 P9 PLUS MATE8 大理石 手機殼 紙紋 木頭紋 木紋 水泥 水晶,Mobile & Gadgets,ysl手機殼,小米充電器,小米充電線,手機座,指扣環
5SE/6Splus現貨❤湯姆貓與傑利鼠 TPU超薄 手機殼 iphone5/5S/SE/6/6S [D1607019],Mobile & Gadgets,法鬥,live手機殼,嚕嚕咪,三星a8手機殼,黑執事
【現貨】安卓 Type C 三星 Asus HTC SONY 手環傳輸線 充電線,Mobile & Gadgets,ysl手機殼,客製化行動電源,行動電源手機殼,自拍桿,iphone線
OEO AIRbeats BTS-01 防水防塵藍牙攜帶重低音藍芽喇叭 iphone6s plus i6+ i6s 紅米 小米Note ZenFone2 M320 Z3+ Z5 C4 C5 816,Mobile & Gadgets,航海王,innergie,防偷窺保護貼iphone,opposite,i7轉接
[Apple iPhone 6 6S 4.7吋 / Plus 5.5吋] 超薄防刮透明 手機殼 TPU軟殼 矽膠材質,Mobile & Gadgets,嚕嚕米手機殼,3310,小小兵,達菲包,宮崎駿
C NOTE4電池 三星 note4 電池 N910U N910 手機電池 內建電池 NOTE4 內置電池 有現貨,Mobile & Gadgets,ysl手機殼,客製化行動電源,鋁合金手機架,日本上網,iphone線套
iphone6/6s 日本原裝 迪士尼 屁屁造型 充電器 插頭 各式手機可用 米奇 妙妙貓 唐老鴨 米妮,Mobile & Gadgets,鋁合金手機架,自拍桿,live手機殼,遊戲手把,彈弓
現貨供應【U.case】iPhone7 i6 Plus 超薄邊框保護套 矽膠 透明 防摔 手機殼 超薄邊框+防刮背板,Mobile & Gadgets,嚕嚕咪,live手機殼,三星a8手機殼,嚕嚕米手機殼,richmond
現貨【超療癒立體手機殼】iPhone7 i6 Plus 紓壓 療癒 軟海獅 海豹 北極熊 立體手機殼 軟殼 超可愛小白熊,Mobile & Gadgets,客製化行動電源,iphone線套,自拍桿,iphone線,蠟燭
〈予定販売〉1132 - Ed Hardy「 Iphone7 6 6s 5 5s 4 4s se 手機殼」,Mobile & Gadgets,英雄聯盟,嚕嚕米手機殼,richmond,3310,djqueena
現貨【愛麗絲空壓防摔殼】iPhone7 / i6 Plus 防摔殼 空壓殼 氣墊殼 愛麗絲仙境 手機套 手機殼 卡通,Mobile & Gadgets,嚕嚕咪,live手機殼,三星a8手機殼,黑執事,we
【1號店通訊】冰爽 USB 2.0 TF T-Flash Micro SD 記憶卡 讀卡機 讀卡器 迷你讀卡機,Mobile & Gadgets,i6手機膜,iphone線,小米手環2錶帶,ipad4,火影忍者
MARVEL 鋼鐵人 美國隊長 神盾局 手機殼 iPhone 7 Plus 6 6S 5s 4S 三星 A8 A7 A5 J7 J5 E7 S4 S5 S6 S7 Edge Note 7 5 4 3,Mobile & Gadgets,嚕嚕米手機殼,3310,djqueena,達菲包,vdl
【現貨】安卓 Type C 三星 Asus HTC SONY 手環傳輸線 充電線,Mobile & Gadgets,ysl手機殼,客製化行動電源,行動電源手機殼,自拍桿,iphone線
OEO AIRbeats BTS-01 防水防塵藍牙攜帶重低音藍芽喇叭 iphone6s plus i6+ i6s 紅米 小米Note ZenFone2 M320 Z3+ Z5 C4 C5 816,Mobile & Gadgets,航海王,innergie,防偷窺保護貼iphone,opposite,i7轉接
[Apple iPhone 6 6S 4.7吋 / Plus 5.5吋] 超薄防刮透明 手機殼 TPU軟殼 矽膠材質,Mobile & Gadgets,嚕嚕米手機殼,3310,小小兵,達菲包,宮崎駿
C NOTE4電池 三星 note4 電池 N910U N910 手機電池 內建電池 NOTE4 內置電池 有現貨,Mobile & Gadgets,ysl手機殼,客製化行動電源,鋁合金手機架,日本上網,iphone線套
iphone6/6s 日本原裝 迪士尼 屁屁造型 充電器 插頭 各式手機可用 米奇 妙妙貓 唐老鴨 米妮,Mobile & Gadgets,鋁合金手機架,自拍桿,live手機殼,遊戲手把,彈弓
現貨供應【U.case】iPhone7 i6 Plus 超薄邊框保護套 矽膠 透明 防摔 手機殼 超薄邊框+防刮背板,Mobile & Gadgets,嚕嚕咪,live手機殼,三星a8手機殼,嚕嚕米手機殼,richmond
現貨【超療癒立體手機殼】iPhone7 i6 Plus 紓壓 療癒 軟海獅 海豹 北極熊 立體手機殼 軟殼 超可愛小白熊,Mobile & Gadgets,客製化行動電源,iphone線套,自拍桿,iphone線,蠟燭
〈予定販売〉1132 - Ed Hardy「 Iphone7 6 6s 5 5s 4 4s se 手機殼」,Mobile & Gadgets,英雄聯盟,嚕嚕米手機殼,richmond,3310,djqueena
現貨【愛麗絲空壓防摔殼】iPhone7 / i6 Plus 防摔殼 空壓殼 氣墊殼 愛麗絲仙境 手機套 手機殼 卡通,Mobile & Gadgets,嚕嚕咪,live手機殼,三星a8手機殼,黑執事,we
